notebook_execution_id,error_type,error_message,manual_scope_status,manual_subtype,manual_failing_module,notes
8,ModuleNotFoundError,No module named 'sklearn',,,,
15,ImportError,libxcb.so.1: cannot open shared object file: No such file or directory,,,,
39,ModuleNotFoundError,No module named 'sklearn',,,,
49,ModuleNotFoundError,No module named 'sklearn',,,,
50,ModuleNotFoundError,No module named 'dms_variants',,,,
55,ModuleNotFoundError,No module named 'dms_variants',,,,
65,ModuleNotFoundError,No module named 'sklearn',,,,
81,ImportError,libxcb.so.1: cannot open shared object file: No such file or directory,,,,
84,ImportError,libxcb.so.1: cannot open shared object file: No such file or directory,,,,
125,ModuleNotFoundError,No module named 'cana',,,,
135,ModuleNotFoundError,No module named 'pkg_resources',,,,
146,ModuleNotFoundError,No module named 'bokeh.tile_providers',,,,
149,ModuleNotFoundError,No module named 'sklearn',,,,
152,ModuleNotFoundError,No module named 'mpl_toolkits.axes_grid',,,,
157,ImportError,cannot import name 'isshape' from 'scipy.sparse.sputils' (/tmp/.local/lib/python3.10/site-packages/scipy/sparse/sputils.py),,,,
158,ImportError,cannot import name 'isshape' from 'scipy.sparse.sputils' (/tmp/.local/lib/python3.10/site-packages/scipy/sparse/sputils.py),,,,
163,ImportError,cannot import name 'isshape' from 'scipy.sparse.sputils' (/tmp/.local/lib/python3.10/site-packages/scipy/sparse/sputils.py),,,,
174,ImportError,cannot import name 'cumtrapz' from 'scipy.integrate' (/tmp/.local/lib/python3.10/site-packages/scipy/integrate/__init__.py),,,,
188,ImportError,cannot import name 'VisibleDeprecationWarning' from 'numpy' (/tmp/.local/lib/python3.10/site-packages/numpy/__init__.py),,,,
189,ImportError,cannot import name 'VisibleDeprecationWarning' from 'numpy' (/tmp/.local/lib/python3.10/site-packages/numpy/__init__.py),,,,
190,ImportError,cannot import name 'VisibleDeprecationWarning' from 'numpy' (/tmp/.local/lib/python3.10/site-packages/numpy/__init__.py),,,,
191,ImportError,cannot import name 'VisibleDeprecationWarning' from 'numpy' (/tmp/.local/lib/python3.10/site-packages/numpy/__init__.py),,,,
193,ImportError,cannot import name 'VisibleDeprecationWarning' from 'numpy' (/tmp/.local/lib/python3.10/site-packages/numpy/__init__.py),,,,
194,ImportError,cannot import name 'VisibleDeprecationWarning' from 'numpy' (/tmp/.local/lib/python3.10/site-packages/numpy/__init__.py),,,,
195,ImportError,cannot import name 'VisibleDeprecationWarning' from 'numpy' (/tmp/.local/lib/python3.10/site-packages/numpy/__init__.py),,,,
197,ImportError,cannot import name 'VisibleDeprecationWarning' from 'numpy' (/tmp/.local/lib/python3.10/site-packages/numpy/__init__.py),,,,
199,ImportError,cannot import name 'VisibleDeprecationWarning' from 'numpy' (/tmp/.local/lib/python3.10/site-packages/numpy/__init__.py),,,,
200,ImportError,cannot import name 'VisibleDeprecationWarning' from 'numpy' (/tmp/.local/lib/python3.10/site-packages/numpy/__init__.py),,,,
201,ImportError,cannot import name 'VisibleDeprecationWarning' from 'numpy' (/tmp/.local/lib/python3.10/site-packages/numpy/__init__.py),,,,
211,ModuleNotFoundError,No module named 'gnomad',,,,
244,ImportError,cannot import name 'dataloader' from 'utils' (/tmp/.local/lib/python3.10/site-packages/utils/__init__.py),,,,
249,ModuleNotFoundError,No module named 'utils.image_processor',,,,
273,ImportError,libXrender.so.1: cannot open shared object file: No such file or directory,,,,
274,ImportError,libXrender.so.1: cannot open shared object file: No such file or directory,,,,
275,ImportError,libXrender.so.1: cannot open shared object file: No such file or directory,,,,
276,ImportError,libXrender.so.1: cannot open shared object file: No such file or directory,,,,
277,ImportError,cannot import name 'NormalDist' from 'statistics' (/tmp/.local/lib/python3.10/site-packages/statistics/__init__.py),,,,
279,ImportError,cannot import name 'NormalDist' from 'statistics' (/tmp/.local/lib/python3.10/site-packages/statistics/__init__.py),,,,
286,ModuleNotFoundError,No module named 'pyLM',,,,
367,ModuleNotFoundError,No module named 'skimage',,,,
376,ModuleNotFoundError,No module named 'idr',,,,
381,ImportError,libexpat.so.1: cannot open shared object file: No such file or directory,,,,
383,ImportError,libexpat.so.1: cannot open shared object file: No such file or directory,,,,
385,ModuleNotFoundError,No module named 'celloracle',,,,
386,ModuleNotFoundError,No module named 'celloracle',,,,
394,ModuleNotFoundError,No module named 'celloracle',,,,
399,ModuleNotFoundError,No module named 'celloracle',,,,
408,ImportError,libGL.so.1: cannot open shared object file: No such file or directory,,,,
445,ModuleNotFoundError,No module named 'sklearn',,,,
